<?xml version="1.0"?>
<content collectionGUID="C4E9BF55-804A-4F83-9137-9C74C8208E63">
  <lastEdited clientType="local-build-20111219" date="2011-12-20 06:49:37 +0000"/>
  <textBox id="generic-title-attributes" dynamic="no" visible="yes">
    <richText>&lt;b&gt;Provo @ Desert Hills&lt;/b&gt;</richText>
  </textBox>
  <textBox id="generic-datefield-attributes" dynamic="no" visible="yes">
    <richText>&lt;b&gt;Thursday, January 5, 2012&lt;/b&gt;</richText>
  </textBox>
  <textBox id="generic-body-attributes" dynamic="no" visible="yes">
    <richText>&lt;b&gt;We will be having an away meet January 5 - 6 in St. George at Desert Hills. Please be aware of what&#x2019;s going on for this meet. The trip costs $85/swimmer. This includes your hotel, the bus, ONE lunch and ONE dinner. Each person must bring a lunch for the way down and money for lunch on the way back. We will stop at a fast food restaurant where there will be a variety of options to choose from. More information about this meet will be posted soon.&lt;/b&gt;</richText>
  </textBox>
</content>
