<?xml version="1.0"?>
<content collectionGUID="4A4FE10F-B47C-4E20-9DE9-9B436995A05C">
  <lastEdited clientType="local-build-20111129" date="2011-11-30 05:13:30 +0000"/>
  <textBox id="generic-title-attributes" dynamic="no" visible="yes">
    <richText>&lt;b&gt;Welcome&lt;/b&gt;</richText>
  </textBox>
  <textBox id="generic-datefield-attributes" dynamic="no" visible="yes">
    <richText>&lt;b&gt;Tuesday, November 29, 2011&lt;/b&gt;</richText>
  </textBox>
  <textBox id="generic-body-attributes" dynamic="no" visible="yes">
    <richText>Provo High is ready for an exciting new season. We have some great meets planned and are ready to work hard. Practice starts every morning at 6 a.m. Please make sure you are there everyday. The end of the season will be here sooner than you realize, so make every day count!&#xD;&#xD;Note: No practice November 24 and 25 &#x2014;&#xA0;Thanksgiving Break. There &lt;b&gt;IS&lt;/b&gt; practice November 23 (Wednesday) 7 a.m. - 9 a.m. at the Provo Rec Center.</richText>
  </textBox>
  <image id="generic-picture-attributes" dynamic="no" visible="yes" src="29_Blue_bird_day_files/shapeimage_1.png" left="0px" top="0px" width="300px" height="300px"/>
</content>
