<?xml version="1.0" encoding="UTF-8"?>
<feed xmlns="http://www.w3.org/2005/Atom">
 <id>urn:iweb:A7A8535B-F7A3-44D4-BE6D-40CCBEFCB330</id>
 <title>Page list Atom feed</title>
 <updated>2011-12-19T23:49:36-07:00</updated>
 <link rel="self" href="feed.xml"/>
 <generator>iWeb</generator>
 <author>
  <name>iWeb</name>
 </author>
 <entry>
  <id>urn:iweb:55FC2133-53C2-4108-A7AB-4CDC866A8B42</id>
  <title>Welcome</title>
  <title xmlns="urn:iweb:">Welcome</title>
  <in-navbar xmlns="urn:iweb:">55FC2133-53C2-4108-A7AB-4CDC866A8B42</in-navbar>
  <link rel="alternate" href="Welcome.html"/>
  <updated>2011-12-19T23:49:36.001-07:00</updated>
  <content>Welcome</content>
 </entry>
 <entry>
  <id>urn:iweb:C19BBD66-20E7-494F-A085-161F9E336DD3</id>
  <title>Coach's Corner</title>
  <title xmlns="urn:iweb:">Coach's Corner</title>
  <in-navbar xmlns="urn:iweb:">C19BBD66-20E7-494F-A085-161F9E336DD3</in-navbar>
  <link rel="alternate" href="Coachs_Corner/Coachs_Corner.html"/>
  <updated>2005-09-20T19:08:38-06:00</updated>
  <content>Coach's Corner</content>
 </entry>
 <entry>
  <id>urn:iweb:77D45DE9-DD24-4766-8C7B-308B030F635C</id>
  <title>Meets</title>
  <title xmlns="urn:iweb:">Meets</title>
  <in-navbar xmlns="urn:iweb:">77D45DE9-DD24-4766-8C7B-308B030F635C</in-navbar>
  <link rel="alternate" href="Meets/Meets.html"/>
  <updated>2005-09-20T19:08:38-06:00</updated>
  <content>Meets</content>
 </entry>
 <entry>
  <id>urn:iweb:BE8BD2DB-BB6F-463D-BF96-71546DF5E670</id>
  <title>Times</title>
  <title xmlns="urn:iweb:">Times</title>
  <in-navbar xmlns="urn:iweb:">BE8BD2DB-BB6F-463D-BF96-71546DF5E670</in-navbar>
  <link rel="alternate" href="Times.html"/>
  <updated>2011-12-19T23:49:36.002-07:00</updated>
  <content>Times</content>
 </entry>
</feed>