<?xml version="1.0"?>
<rss xmlns:iweb="http://www.apple.com/iweb" version="2.0">
  <channel>
    <title>Coach's Corner</title>
    <link>http://98.202.121.13/~n8blake/PHS_Swimming/Coachs_Corner</link>
    <description>Here you will find messages and information from the coaches for the parents and swimmers. Many of the entries will have been featured on the home page. </description>
    <item>
      <title>Desert Hills Invitational Information</title>
      <link>http://98.202.121.13/%7En8blake/PHS_Swimming/Coachs_Corner/Entries/2011/12/19_Desert_Hills_Invitational_Information.html</link>
      <guid isPermaLink="false">b37da9b4-0ffa-4b3d-88f0-8e8f99e0ac0f</guid>
      <pubDate>Mon, 19 Dec 2011 15:24:30 -0700</pubDate>
      <iweb:comment enabled="0" count="0" link="http://98.202.121.13/%7En8blake/PHS_Swimming/Coachs_Corner/Entries/2011/12/19_Desert_Hills_Invitational_Information.html#comment_layer"></iweb:comment>
    </item>
    <item>
      <title>Welcome</title>
      <link>http://98.202.121.13/%7En8blake/PHS_Swimming/Coachs_Corner/Entries/2011/11/29_Blue_bird_day.html</link>
      <guid isPermaLink="false">153ac722-6c85-4ad4-a912-bc9469ccef3b</guid>
      <pubDate>Tue, 29 Nov 2011 21:47:03 -0700</pubDate>
      <iweb:comment enabled="0" count="0" link="http://98.202.121.13/%7En8blake/PHS_Swimming/Coachs_Corner/Entries/2011/11/29_Blue_bird_day.html#comment_layer"></iweb:comment>
    </item>
    <iweb:dateFormat>EEEE, MMMM d, y</iweb:dateFormat>
    <iweb:baseURL>http://98.202.121.13/~n8blake/PHS_Swimming/Coachs_Corner</iweb:baseURL>
    <iweb:maximumSummaryItems>5</iweb:maximumSummaryItems>
  </channel>
</rss>
