<?xml version="1.0"?>
<rss xmlns:iweb="http://www.apple.com/iweb" version="2.0">
  <channel>
    <title>Coach's Corner</title>
    <link>http://98.202.121.13/~n8blake/PHS_Swimming/Coachs_Corner</link>
    <description>Here you will find messages and information from the coaches for the parents and swimmers. Many of the entries will have been featured on the home page. </description>
    <item>
      <title>Desert Hills Invitational Information</title>
      <link>http://98.202.121.13/%7En8blake/PHS_Swimming/Coachs_Corner/Entries/2011/12/19_Desert_Hills_Invitational_Information.html</link>
      <guid isPermaLink="false">b37da9b4-0ffa-4b3d-88f0-8e8f99e0ac0f</guid>
      <pubDate>Mon, 19 Dec 2011 15:24:30 -0700</pubDate>
      <description>Our meet at Desert Hills is scheduled for Jan 6 &amp;amp; 7, 2012 (Friday, Saturday). This is going to be a fun away meet that the swimmers have been working hard for all season. We will be bussing down with Timpview High School. The cost is $85/swimmer and includes : bus, hotel, dinner (1), breakfast (1), meet fee. Every swimmer must have a parent permission form signed and their fee paid before the meet in order to go. &lt;br/&gt;&lt;br/&gt;If you have lost/misplaced your permissions agreement for the meet, another one is available for download &lt;a href="http://98.202.121.13/~n8blake/PHS_swimming/media/phs_release_form.pdf"&gt;here&lt;/a&gt;. &lt;br/&gt;&lt;br/&gt;Tentative Schedule : &lt;br/&gt;&lt;br/&gt;Friday (Jan 6, 2012)&lt;br/&gt;10:00 AM &#x2014; Leave class for bus (school excused)&lt;br/&gt;10:30 AM &#x2014; Leave for St. George&lt;br/&gt;Arrive depending on weather&lt;br/&gt;Possible tour Dixie College (?)&lt;br/&gt;3:30 PM &#x2014;&#xA0;Meet Warm-up&lt;br/&gt;5:00 PM &#x2014; Meet Start&lt;br/&gt;After meet dinner (covered in fee)&lt;br/&gt;10:00 &#x2014;&#xA0;Hotel&lt;br/&gt;10:30 &#x2014;&#xA0;Lights out&lt;br/&gt;&lt;br/&gt;Saturday (Jan 7, 2012)&lt;br/&gt;7:00 AM &#x2014; Wake-up and breakfast (covered)&lt;br/&gt;8:00 AM &#x2014;&#xA0;Meet Warm up&lt;br/&gt;9:30 AM &#x2014; Meet Start&lt;br/&gt;2:00 PM &#x2014;&#xA0;Meet End (~ this is could vary depending on the meet)&lt;br/&gt;depart after meet &amp;amp; lunch (swimmers MUST bring own money for this)&lt;br/&gt;5-6:00 PM &#x2014;&#xA0;Arrive at Provo High School (depending on meet and weather)&lt;br/&gt;</description>
      <iweb:image href="Media/object002.jpg"></iweb:image>
      <iweb:comment enabled="0" count="0" link="http://98.202.121.13/%7En8blake/PHS_Swimming/Coachs_Corner/Entries/2011/12/19_Desert_Hills_Invitational_Information.html#comment_layer"></iweb:comment>
    </item>
    <item>
      <title>Welcome</title>
      <link>http://98.202.121.13/%7En8blake/PHS_Swimming/Coachs_Corner/Entries/2011/11/29_Blue_bird_day.html</link>
      <guid isPermaLink="false">153ac722-6c85-4ad4-a912-bc9469ccef3b</guid>
      <pubDate>Tue, 29 Nov 2011 21:47:03 -0700</pubDate>
      <description>Provo High is ready for an exciting new season. We have some great meets planned and are ready to work hard. Practice starts every morning at 6 a.m. Please make sure you are there everyday. The end of the season will be here sooner than you realize, so make every day count!&lt;br/&gt;&lt;br/&gt;Note: No practice November 24 and 25 &#x2014;&#xA0;Thanksgiving Break. There IS practice November 23 (Wednesday) 7 a.m. - 9 a.m. at the Provo Rec Center.</description>
      <iweb:image href="Media/object002_1.jpg"></iweb:image>
      <iweb:comment enabled="0" count="0" link="http://98.202.121.13/%7En8blake/PHS_Swimming/Coachs_Corner/Entries/2011/11/29_Blue_bird_day.html#comment_layer"></iweb:comment>
    </item>
    <iweb:dateFormat>EEEE, MMMM d, y</iweb:dateFormat>
    <iweb:baseURL>http://98.202.121.13/~n8blake/PHS_Swimming/Coachs_Corner</iweb:baseURL>
    <iweb:maximumSummaryItems>5</iweb:maximumSummaryItems>
  </channel>
</rss>
