<?xml version="1.0"?>
<content collectionGUID="4A4FE10F-B47C-4E20-9DE9-9B436995A05C">
  <lastEdited clientType="local-build-20111219" date="2011-12-20 06:49:36 +0000"/>
  <textBox id="generic-title-attributes" dynamic="no" visible="yes">
    <richText>&lt;b&gt;Desert Hills Invitational Information&lt;/b&gt;</richText>
  </textBox>
  <textBox id="generic-datefield-attributes" dynamic="no" visible="yes">
    <richText>&lt;b&gt;Monday, December 19, 2011&lt;/b&gt;</richText>
  </textBox>
  <textBox id="generic-body-attributes" dynamic="no" visible="yes">
    <richText>&lt;b&gt;Our meet at Desert Hills is scheduled for Jan 6 &amp; 7, 2012 (Friday, Saturday). This is going to be a fun away meet that the swimmers have been working hard for all season. We will be bussing down with Timpview High School. The cost is $85/swimmer and includes : bus, hotel, dinner (1), breakfast (1), meet fee. Every swimmer must have a parent permission form signed and their fee paid before the meet in order to go. &#xD;&#xD;If you have lost/misplaced your permissions agreement for the meet, another one is available for download &lt;/b&gt;&lt;b&gt;&lt;a href="http://98.202.121.13/~n8blake/PHS_swimming/media/phs_release_form.pdf"&gt;here&lt;/a&gt;&lt;/b&gt;&lt;b&gt;. &#xD;&#xD;Tentative Schedule : &#xD;&#xD;Friday (Jan 6, 2012)&#xD;10:00 AM &#x2014; Leave class for bus (school excused)&#xD;10:30 AM &#x2014; Leave for St. George&#xD;Arrive depending on weather&#xD;Possible tour Dixie College (?)&#xD;3:30 PM &#x2014;&#xA0;Meet Warm-up&#xD;5:00 PM &#x2014; Meet Start&#xD;After meet dinner (covered in fee)&#xD;10:00 &#x2014;&#xA0;Hotel&#xD;10:30 &#x2014;&#xA0;Lights out&#xD;&#xD;Saturday (Jan 7, 2012)&#xD;7:00 AM &#x2014; Wake-up and breakfast (covered)&#xD;8:00 AM &#x2014;&#xA0;Meet Warm up&#xD;9:30 AM &#x2014; Meet Start&#xD;2:00 PM &#x2014;&#xA0;Meet End (~ this is could vary depending on the meet)&#xD;depart after meet &amp; lunch (swimmers MUST bring own money for this)&#xD;5-6:00 PM &#x2014;&#xA0;Arrive at Provo High School (depending on meet and weather)&#xD;&lt;/b&gt;</richText>
  </textBox>
  <image id="generic-picture-attributes" dynamic="no" visible="yes" src="19_Desert_Hills_Invitational_Information_files/shapeimage_1.png" left="0px" top="0px" width="700px" height="400px"/>
</content>
