<?xml version="1.0"?>
<content collectionGUID="C4E9BF55-804A-4F83-9137-9C74C8208E63">
  <lastEdited clientType="local-build-20111129" date="2011-11-30 05:13:39 +0000"/>
  <textBox id="generic-title-attributes" dynamic="no" visible="yes">
    <richText>&lt;b&gt;Utah County Invite&lt;/b&gt;</richText>
  </textBox>
  <textBox id="generic-datefield-attributes" dynamic="no" visible="yes">
    <richText>&lt;b&gt;Saturday, November 12, 2011&lt;/b&gt;</richText>
  </textBox>
  <textBox id="generic-body-attributes" dynamic="no" visible="yes">
    <richText>&lt;b&gt;Let get ready to swim fast! Our next meet is the Utah County Invite. Teams from all over Utah valley will be swimming. This is a great opportunity to get some competition and see how the other teams will line up at region. &lt;/b&gt;</richText>
  </textBox>
</content>
