<?xml version="1.0"?>
<content collectionGUID="C4E9BF55-804A-4F83-9137-9C74C8208E63">
  <lastEdited clientType="local-build-20111129" date="2011-11-30 05:13:39 +0000"/>
  <textBox id="generic-title-attributes" dynamic="no" visible="yes">
    <richText>&lt;b&gt;Canyon View @ Provo&lt;/b&gt;</richText>
  </textBox>
  <textBox id="generic-datefield-attributes" dynamic="no" visible="yes">
    <richText>&lt;b&gt;Saturday, November 19, 2011&lt;/b&gt;</richText>
  </textBox>
  <textBox id="generic-body-attributes" dynamic="no" visible="yes">
    <richText>&lt;b&gt;Provo had a great meet again Canyon View. A lot of top place finishes and excellent effort by all team members. We will continue working hard at meets and in practices as we kick off the holidays next week with a few days off school for Thanksgiving. Remember, no practice Thursday or Friday (Nov. 24-25).&lt;/b&gt;</richText>
  </textBox>
</content>
