<?xml version="1.0"?>
<content collectionGUID="C4E9BF55-804A-4F83-9137-9C74C8208E63">
  <lastEdited clientType="local-build-20111129" date="2011-11-30 05:13:37 +0000"/>
  <textBox id="generic-title-attributes" dynamic="no" visible="yes">
    <richText>&lt;b&gt;Provo, Mt. View @ PG&lt;/b&gt;</richText>
  </textBox>
  <textBox id="generic-datefield-attributes" dynamic="no" visible="yes">
    <richText>&lt;b&gt;Wednesday, November 2, 2011&lt;/b&gt;</richText>
  </textBox>
  <textBox id="generic-body-attributes" dynamic="no" visible="yes">
    <richText>&lt;b&gt;We had a great meet at the bubble. Lots of best times and great relays. Please work on knowing when your races are and being to your blocks on time. There were too many near misses on races. In future meets, the officials may not be so accommodating. &lt;/b&gt;</richText>
  </textBox>
</content>
