<?xml version="1.0"?>
<rss xmlns:iweb="http://www.apple.com/iweb" version="2.0">
  <channel>
    <title>Meets</title>
    <link>http://98.202.121.13/~n8blake/PHS_Swimming/Meets</link>
    <description>Here are the recaps and results for past meets. Results are available here.</description>
    <item>
      <title>Provo @ Desert Hills</title>
      <link>http://98.202.121.13/%7En8blake/PHS_Swimming/Meets/Entries/2012/1/5_Provo_%40_Desert_Hills.html</link>
      <guid isPermaLink="false">0b609b9e-6837-4ea7-b39e-445d495d4908</guid>
      <pubDate>Thu, 5 Jan 2012 21:39:44 -0700</pubDate>
      <description>We will be having an away meet January 5 - 6 in St. George at Desert Hills. Please be aware of what&#x2019;s going on for this meet. The trip costs $85/swimmer. This includes your hotel, the bus, ONE lunch and ONE dinner. Each person must bring a lunch for the way down and money for lunch on the way back. We will stop at a fast food restaurant where there will be a variety of options to choose from. More information about this meet will be posted soon.</description>
      <iweb:image href="Media/widget-snapshot.jpg"></iweb:image>
      <iweb:comment enabled="0" count="0" link="http://98.202.121.13/%7En8blake/PHS_Swimming/Meets/Entries/2012/1/5_Provo_%40_Desert_Hills.html#comment_layer"></iweb:comment>
    </item>
    <item>
      <title>Canyon View @ Provo</title>
      <link>http://98.202.121.13/%7En8blake/PHS_Swimming/Meets/Entries/2011/11/19_Canyon_View_%40_Provo.html</link>
      <guid isPermaLink="false">ab056799-229d-498c-aca4-fe2ea24a869b</guid>
      <pubDate>Sat, 19 Nov 2011 22:52:33 -0700</pubDate>
      <description>Provo had a great meet again Canyon View. A lot of top place finishes and excellent effort by all team members. We will continue working hard at meets and in practices as we kick off the holidays next week with a few days off school for Thanksgiving. Remember, no practice Thursday or Friday (Nov. 24-25).</description>
      <iweb:image href="Media/widget-snapshot_1.jpg"></iweb:image>
      <iweb:comment enabled="0" count="0" link="http://98.202.121.13/%7En8blake/PHS_Swimming/Meets/Entries/2011/11/19_Canyon_View_%40_Provo.html#comment_layer"></iweb:comment>
    </item>
    <item>
      <title>Utah County Invite</title>
      <link>http://98.202.121.13/%7En8blake/PHS_Swimming/Meets/Entries/2011/11/12_Utah_County_Invite.html</link>
      <guid isPermaLink="false">f56cf60c-8cef-4a5b-b9b1-9c7a43b7f539</guid>
      <pubDate>Sat, 12 Nov 2011 21:11:01 -0700</pubDate>
      <description>Let get ready to swim fast! Our next meet is the Utah County Invite. Teams from all over Utah valley will be swimming. This is a great opportunity to get some competition and see how the other teams will line up at region. </description>
      <iweb:image href="Media/widget-snapshot_2.jpg"></iweb:image>
      <iweb:comment enabled="0" count="0" link="http://98.202.121.13/%7En8blake/PHS_Swimming/Meets/Entries/2011/11/12_Utah_County_Invite.html#comment_layer"></iweb:comment>
    </item>
    <item>
      <title>Provo, Mt. View @ PG</title>
      <link>http://98.202.121.13/%7En8blake/PHS_Swimming/Meets/Entries/2011/11/2_Provo,_Mt._View_%40_PG.html</link>
      <guid isPermaLink="false">18686845-74b1-4089-93c5-99035aafe3ea</guid>
      <pubDate>Wed, 2 Nov 2011 20:49:39 -0600</pubDate>
      <description>We had a great meet at the bubble. Lots of best times and great relays. Please work on knowing when your races are and being to your blocks on time. There were too many near misses on races. In future meets, the officials may not be so accommodating. </description>
      <iweb:image href="Media/widget-snapshot_3.jpg"></iweb:image>
      <iweb:comment enabled="0" count="0" link="http://98.202.121.13/%7En8blake/PHS_Swimming/Meets/Entries/2011/11/2_Provo,_Mt._View_%40_PG.html#comment_layer"></iweb:comment>
    </item>
    <iweb:dateFormat>EEEE, MMMM d, y</iweb:dateFormat>
    <iweb:baseURL>http://98.202.121.13/~n8blake/PHS_Swimming/Meets</iweb:baseURL>
    <iweb:maximumSummaryItems>5</iweb:maximumSummaryItems>
  </channel>
</rss>
